<?xml version="1.0" encoding="UTF-8"?>
<bsim:definitions xmlns:bsim="http://bsim.hpi.uni-potsdam.de/scylla/simModel" id="Simulation_1" targetNamespace="http://www.hpi.de">
	<bsim:simulationConfiguration id="SimulationConfiguration_1" processRef="Process_1" processInstances="30" startDateTime="2016-08-01T08:00:00.000+02:00" endDateTime="2016-08-05T16:00:00.000+02:00" randomSeed="3096">
		<bsim:startEvent id="sid-F90DAA2B-02DF-429F-A93D-09578F648CF0">
	    	<bsim:arrivalRate timeUnit="MINUTES">
	    		<bsim:constantDistribution>
	    			<bsim:constantValue>50</bsim:constantValue>
	    		</bsim:constantDistribution>
	    	</bsim:arrivalRate>
	    </bsim:startEvent>
	    <bsim:task id="sid-10642FA7-3483-45AF-AC53-88080CD67FF9" name="write thesis">
	    	<bsim:duration timeUnit="MINUTES">
	    		<bsim:arbitraryFiniteProbabilityDistribution>
	    			<bsim:entry value="10" frequency="20"/>
	    			<bsim:entry value="6" frequency="5"/>
	    			<bsim:entry value="12" frequency="1"/>
	    		</bsim:arbitraryFiniteProbabilityDistribution>
	    	</bsim:duration>
	    	<bsim:resources>
	    		<bsim:resource id="Student" amount="1"/>
	    	</bsim:resources>
	    	<bsim:boundaryEvents>
	    		<bsim:boundaryEvent id="sid-71507C76-09EA-41FF-86AB-004A2447257A" name="error in">
	    			<bsim:eventProbability>1</bsim:eventProbability>
			    	<bsim:arrivalRate timeUnit="MINUTES">
			    		<bsim:constantDistribution>
			    			<bsim:constantValue>5</bsim:constantValue>
			    		</bsim:constantDistribution>
			    	</bsim:arrivalRate>
	    		</bsim:boundaryEvent>
	    		<bsim:boundaryEvent id="sid-7B837D24-6D92-4EAA-BECD-DA436E6853E5" name="message in" >
	    			<bsim:eventProbability>0</bsim:eventProbability>
			    	<bsim:arrivalRate timeUnit="MINUTES">
			    		<bsim:constantDistribution>
			    			<bsim:constantValue>30</bsim:constantValue>
			    		</bsim:constantDistribution>
			    	</bsim:arrivalRate>
	    		</bsim:boundaryEvent>
	    		<bsim:boundaryEvent id="sid-17EFE732-CE01-4205-AC11-4AB5B52484D3" name="condition in">
	    			<bsim:eventProbability>0</bsim:eventProbability>
			    	<bsim:arrivalRate timeUnit="MINUTES">
			    		<bsim:constantDistribution>
			    			<bsim:constantValue>40</bsim:constantValue>
			    		</bsim:constantDistribution>
			    	</bsim:arrivalRate>
	    		</bsim:boundaryEvent>
	    	</bsim:boundaryEvents>
	    </bsim:task>
	    <bsim:task id="sid-37D8C290-55AB-498F-B6C0-747D7BBBFE9E" name="be happy">
	    	<bsim:duration timeUnit="MINUTES">
	    		<bsim:constantDistribution>
	    			<bsim:constantValue>30</bsim:constantValue>
	    		</bsim:constantDistribution>
	    	</bsim:duration>
	    	<bsim:resources>
	    		<bsim:resource id="Student" amount="1"/>
	    	</bsim:resources>
	    </bsim:task>
	    <bsim:task id="sid-43DB2631-1FBB-4AB6-919B-7FCFD1D3CA70" name="read message">
	    	<bsim:duration timeUnit="MINUTES">
	    		<bsim:constantDistribution>
	    			<bsim:constantValue>30</bsim:constantValue>
	    		</bsim:constantDistribution>
	    	</bsim:duration>
	    	<bsim:resources>
	    		<bsim:resource id="Student" amount="1"/>
	    	</bsim:resources>
	    </bsim:task>
	    <bsim:task id="sid-3D1F54AF-5FEF-464D-B45A-9C05224FAC1D" name="report error">
	    	<bsim:duration timeUnit="MINUTES">
	    		<bsim:constantDistribution>
	    			<bsim:constantValue>30</bsim:constantValue>
	    		</bsim:constantDistribution>
	    	</bsim:duration>
	    	<bsim:resources>
	    		<bsim:resource id="Student" amount="1"/>
	    	</bsim:resources>
	    </bsim:task>
	    <bsim:task id="sid-8D546A5C-D4BE-47E5-8E23-F46696A5C835" name="be sad because time is over">
	    	<bsim:duration timeUnit="MINUTES">
	    		<bsim:constantDistribution>
	    			<bsim:constantValue>30</bsim:constantValue>
	    		</bsim:constantDistribution>
	    	</bsim:duration>
	    	<bsim:resources>
	    		<bsim:resource id="Student" amount="1"/>
	    	</bsim:resources>
	    </bsim:task>
	    <bsim:task id="sid-9DC04F1F-6FE6-4981-A9D3-602B9C4ED895" name="deal with condition">
	    	<bsim:duration timeUnit="MINUTES">
	    		<bsim:constantDistribution>
	    			<bsim:constantValue>30</bsim:constantValue>
	    		</bsim:constantDistribution>
	    	</bsim:duration>
	    	<bsim:resources>
	    		<bsim:resource id="Student" amount="1"/>
	    	</bsim:resources>
	    </bsim:task>
	</bsim:simulationConfiguration>
</bsim:definitions>