<?xml version="1.0" encoding="UTF-8"?>
<bsim:definitions xmlns:bsim="http://bsim.hpi.uni-potsdam.de/scylla/simModel" id="Simulation_2" targetNamespace="http://www.hpi.de">
	<bsim:simulationConfiguration id="SimulationConfiguration_2" processRef="Process_2" processInstances="30" startDateTime="2016-08-01T09:00:00.000+02:00" endDateTime="2016-08-05T15:00:00.000+02:00" resourceAssignmentOrder="priority,simulationTime"><!-- randomSeed="9281">-->
	    <bsim:startEvent id="StartEvent_1">
	    	<bsim:arrivalRate timeUnit="MINUTES">
	    		<bsim:exponentialDistribution>
	    			<bsim:mean>150.5</bsim:mean>
	    		</bsim:exponentialDistribution>
	    	</bsim:arrivalRate>
	    </bsim:startEvent>
	    <bsim:task id="Task_1tvvo6w" name="write paper">
	    	<bsim:duration timeUnit="MINUTES">
	    		<bsim:erlangDistribution>
	    			<bsim:order>10</bsim:order>
	    			<bsim:mean>25</bsim:mean>
	    		</bsim:erlangDistribution>
	    	</bsim:duration>
	    	<bsim:resources>
	    		<bsim:resource id="Student" amount="1">
			    	<bsim:assignmentDefinition>
						<bsim:priority>1</bsim:priority>
					</bsim:assignmentDefinition>
				</bsim:resource>
	    	</bsim:resources>
	    </bsim:task>
	    <bsim:task id="Task_09drjvr" name="write thesis">
			<bsim:duration timeUnit="SECONDS">
	    		<bsim:triangularDistribution>
	    			<bsim:lower>600</bsim:lower>
	    			<bsim:peak>1800</bsim:peak>
	    			<bsim:upper>2400</bsim:upper>
	    		</bsim:triangularDistribution>
	    	</bsim:duration>
	    	<bsim:resources>
	    		<bsim:resource id="Student" amount="1">
			    	<bsim:assignmentDefinition>
						<bsim:priority>2</bsim:priority>
					</bsim:assignmentDefinition>
				</bsim:resource>
	    		<bsim:resource id="Professor" amount="1">
			    	<bsim:assignmentDefinition>
						<bsim:priority>2</bsim:priority>
					</bsim:assignmentDefinition>
				</bsim:resource>
	    	</bsim:resources>
	    </bsim:task>
	    <bsim:exclusiveGateway id="ExclusiveGateway_0a6d35t">
	      <bsim:outgoingSequenceFlow id="SequenceFlow_1237oxj">
	      	<bsim:branchingProbability>0.8</bsim:branchingProbability>
	      </bsim:outgoingSequenceFlow>
	      <bsim:outgoingSequenceFlow id="SequenceFlow_1dvtw6t">
	      	<bsim:branchingProbability>0.2</bsim:branchingProbability>
	      </bsim:outgoingSequenceFlow>
	    </bsim:exclusiveGateway>
	    <bsim:task id="Task_16ibwbc" name="be happy">
			<bsim:duration timeUnit="MINUTES">
	    		<bsim:binomialDistribution>
	    			<bsim:probability>0.1</bsim:probability>
	    			<bsim:amount>250</bsim:amount>
	    		</bsim:binomialDistribution>
	    	</bsim:duration>
	    	<bsim:resources>
	    		<bsim:resource id="Professor" amount="1">
			    	<bsim:assignmentDefinition>
						<bsim:priority>3</bsim:priority>
					</bsim:assignmentDefinition>
				</bsim:resource>
	    	</bsim:resources>
	    </bsim:task>
	    <bsim:task id="Task_1nngha6" name="be so sad">
	      <bsim:duration timeUnit="MINUTES">
	    		<bsim:arbitraryFiniteProbabilityDistribution>
	    			<bsim:entry value="100" frequency="20"/>
	    			<bsim:entry value="300" frequency="5"/>
	    			<bsim:entry value="500" frequency="1"/>
	    		</bsim:arbitraryFiniteProbabilityDistribution>
	    	</bsim:duration>
	    	<bsim:resources>
	    		<bsim:resource id="Professor" amount="1">
			    	<bsim:assignmentDefinition>
						<bsim:priority>4</bsim:priority>
					</bsim:assignmentDefinition>
				</bsim:resource>
	    	</bsim:resources>
	    </bsim:task>
	</bsim:simulationConfiguration>
</bsim:definitions>