<?xml version="1.0" encoding="UTF-8"?>
<scy:globalConfiguration xmlns:scy="http://scy.hpi.uni-potsdam.de/scylla/simModel" id="GlobalConf_1" targetNamespace="http://www.hpi.de">
	<scy:randomSeed>3096</scy:randomSeed>
	<scy:zoneOffset>+00:00</scy:zoneOffset>
	<scy:timetables>
		<scy:timetable id="Default">
			<scy:timetableItem from="MONDAY" to="MONDAY" beginTime="09:00:00" endTime="17:00:00"/>
			<scy:timetableItem from="TUESDAY" to="TUESDAY" beginTime="09:00:00" endTime="17:00:00"/>
		</scy:timetable>
	</scy:timetables>
	<scy:resourceData>
		<scy:dynamicResource id="Warehouse" name="Warehouse employee" defaultQuantity="5" defaultCost="8.50" defaultTimeUnit="HOURS" defaultTimetableId="Default">
			<scy:instance name="Anna" />
			<scy:instance name="Bernd" cost="9" />
			<scy:instance name="Chris" />
			<scy:instance name="Dieter" cost="9.50" />
			<scy:instance name="Egon" />
		</scy:dynamicResource>
		<scy:dynamicResource id="Customer Care" name="Customer employee" defaultQuantity="2" defaultCost="10" defaultTimeUnit="HOURS" defaultTimetableId="Default">
			<scy:instance name="Karl" />
			<scy:instance name="Lena" cost="12.5" />
		</scy:dynamicResource>
		<scy:dynamicResource id="System" name="System" defaultQuantity="1" defaultCost="1.50" defaultTimeUnit="HOURS" />
	</scy:resourceData>
</scy:globalConfiguration>