<?xml version="1.0" encoding="UTF-8"?>
<bsim:definitions xmlns:bsim="http://bsim.hpi.uni-potsdam.de/scylla/simModel" id="Simulation_5" targetNamespace="http://www.hpi.de">
	<bsim:simulationConfiguration id="SimulationConfiguration_6" processRef="sid-955358bd-6fa0-488d-966e-02912e79c1e4" processInstances="10" startDateTime="2016-07-02T12:22:57.000" randomSeed="280" ><!--resourceAssignmentOrder="priority,simulationTime" endDateTime="2016-08-05T15:00:00.000+02:00">-->
		
		
		<bsim:startEvent id="StartEvent_1">
	    	<bsim:arrivalRate timeUnit="MINUTES">
	    		<bsim:exponentialDistribution>
	    			<bsim:mean>1</bsim:mean>
	    		</bsim:exponentialDistribution>
	    	</bsim:arrivalRate>
	    </bsim:startEvent>
		
		<bsim:dataObject id="sid-239741B7-E442-40BD-A153-739033002E0F" name="Discount">
			<bsim:field name="Type" type="string">
				<bsim:arbitraryFiniteProbabilityDistribution>
					<bsim:entry value="25a" frequency="0.8"></bsim:entry>
					<bsim:entry value="50" frequency="0.2"></bsim:entry>
				</bsim:arbitraryFiniteProbabilityDistribution>
			</bsim:field>
			<bsim:field name="Points" type="long">
				<bsim:normalDistribution>
					<bsim:mean>950</bsim:mean>
					<bsim:standardDeviation>200</bsim:standardDeviation>
				</bsim:normalDistribution>
			</bsim:field>
		</bsim:dataObject>
		
		<bsim:task id="sid-5B535DD8-20F2-4E40-B636-9733D2E936E1" name="Apply 50% discount">
			<bsim:duration timeUnit="MINUTES">
				<bsim:exponentialDistribution>
					<bsim:mean>2</bsim:mean>
				</bsim:exponentialDistribution>
			</bsim:duration>
			<bsim:resources>
				<bsim:resource id="System" amount="1"/>
			</bsim:resources>
		</bsim:task>
		
		
		<bsim:task id="sid-9156D59A-DF79-4C05-8EEE-1541C5DA5E40" name="Apply 25% discount">
			<bsim:duration timeUnit="MINUTES">
				<bsim:arbitraryFiniteProbabilityDistribution>
					<bsim:entry value="25" frequency="0.8"></bsim:entry>
					<bsim:entry value="50" frequency="0.2"></bsim:entry>
				</bsim:arbitraryFiniteProbabilityDistribution> 
			</bsim:duration>
			<bsim:resources>
				<bsim:resource id="System" amount="1"/>
			</bsim:resources>
		</bsim:task>
	    
		
	    <bsim:task id="sid-661A5287-1938-4DD7-897E-FE9CE04D76B7" name="Complete Booking">
	    	<bsim:duration timeUnit="SECONDS">
	    		<bsim:constantDistribution>
	    			<bsim:constantValue>1</bsim:constantValue>
	    		</bsim:constantDistribution>
	    	</bsim:duration>
	    	<bsim:resources>
	    		<bsim:resource id="System" amount="1"/>
	    	</bsim:resources>
	    </bsim:task>
		
		
	</bsim:simulationConfiguration>
</bsim:definitions>