<?xml version='1.0' encoding='ASCII'?>
<bsim:definitions xmlns:bsim="http://bsim.hpi.uni-potsdam.de/scylla/simModel" targetNamespace="http://www.hpi.de">
  <bsim:simulationConfiguration id="qbp_afd90e99-cd21-4c30-ab83-8631bb098892" processRef="proc_146611050" processInstances="225" startDateTime="2017-08-14T08:00:00.000Z" resourceAssignmentOrder="priority,simulationTime">
    <bsim:task id="node_ff828d96-aa7d-4c83-8b18-e1a5d9b1f4d0" name="Confirm Purchase Order">
      <bsim:duration timeUnit="SECONDS">
        <bsim:uniformDistribution>
          <bsim:lower>240.0</bsim:lower>
          <bsim:upper>2100.0</bsim:upper>
        </bsim:uniformDistribution>
      </bsim:duration>
      <bsim:resources>
        <bsim:resource id="Role_21" amount="1"/>
      </bsim:resources>
    </bsim:task>
    <bsim:task id="node_3eb7d893-8b5d-40b5-8f5e-f3e3a5a621f3" name="Analyze Request for Quotation">
      <bsim:duration timeUnit="SECONDS">
        <bsim:normalDistribution>
          <bsim:mean>1409.0</bsim:mean>
          <bsim:standardDeviation>501.7</bsim:standardDeviation>
        </bsim:normalDistribution>
      </bsim:duration>
      <bsim:resources>
        <bsim:resource id="Role_2" amount="1"/>
      </bsim:resources>
    </bsim:task>
    <bsim:task id="node_2e2993f6-15a9-4303-8e98-26d7a8c0ac82" name="Choose best option">
      <bsim:duration timeUnit="SECONDS">
        <bsim:constantDistribution>
          <bsim:constantValue>0</bsim:constantValue>
        </bsim:constantDistribution>
      </bsim:duration>
      <bsim:resources>
        <bsim:resource id="Role_5" amount="1"/>
      </bsim:resources>
    </bsim:task>
    <bsim:task id="node_9162b0ea-ad4e-4ca3-89e5-538faffdf06a" name="Deliver Goods Services">
      <bsim:duration timeUnit="SECONDS">
        <bsim:uniformDistribution>
          <bsim:lower>12720.0</bsim:lower>
          <bsim:upper>176040.0</bsim:upper>
        </bsim:uniformDistribution>
      </bsim:duration>
      <bsim:resources>
        <bsim:resource id="Role_21" amount="1"/>
      </bsim:resources>
    </bsim:task>
    <bsim:task id="node_77ab1d71-b3f9-4f2a-b844-f3e776db0bb7" name="Create Purchase Order">
      <bsim:duration timeUnit="SECONDS">
        <bsim:uniformDistribution>
          <bsim:lower>360.0</bsim:lower>
          <bsim:upper>780.0</bsim:upper>
        </bsim:uniformDistribution>
      </bsim:duration>
      <bsim:resources>
        <bsim:resource id="Role_2" amount="1"/>
      </bsim:resources>
    </bsim:task>
    <bsim:task id="node_00c9c869-1d79-49ba-8da3-a279c3fad8ce" name="Create Quotation comparison Map">
      <bsim:duration timeUnit="SECONDS">
        <bsim:uniformDistribution>
          <bsim:lower>2280.0</bsim:lower>
          <bsim:upper>21840.0</bsim:upper>
        </bsim:uniformDistribution>
      </bsim:duration>
      <bsim:resources>
        <bsim:resource id="Role_2" amount="1"/>
      </bsim:resources>
    </bsim:task>
    <bsim:task id="node_ed64c558-0b79-447f-8777-1e980cc07ac7" name="Pay Invoice">
      <bsim:duration timeUnit="SECONDS">
        <bsim:uniformDistribution>
          <bsim:lower>240.0</bsim:lower>
          <bsim:upper>900.0</bsim:upper>
        </bsim:uniformDistribution>
      </bsim:duration>
      <bsim:resources>
        <bsim:resource id="Role_22" amount="1"/>
      </bsim:resources>
    </bsim:task>
    <bsim:task id="node_16860f80-999b-4d2b-8e00-fdf55887aa53" name="Amend Request for Quotation">
      <bsim:duration timeUnit="SECONDS">
        <bsim:normalDistribution>
          <bsim:mean>650.0</bsim:mean>
          <bsim:standardDeviation>244.3</bsim:standardDeviation>
        </bsim:normalDistribution>
      </bsim:duration>
      <bsim:resources>
        <bsim:resource id="Role_5" amount="1"/>
      </bsim:resources>
    </bsim:task>
    <bsim:task id="node_124d87da-57ad-4acb-be7d-b50ba27cc3ac" name="Authorize Supplier's Invoice payment">
      <bsim:duration timeUnit="SECONDS">
        <bsim:constantDistribution>
          <bsim:constantValue>0</bsim:constantValue>
        </bsim:constantDistribution>
      </bsim:duration>
      <bsim:resources>
        <bsim:resource id="Role_22" amount="1"/>
      </bsim:resources>
    </bsim:task>
    <bsim:task id="node_b7c50b70-1126-41be-9f01-f43d3f52b701" name="Create Request for Quotation">
      <bsim:duration timeUnit="SECONDS">
        <bsim:uniformDistribution>
          <bsim:lower>60.0</bsim:lower>
          <bsim:upper>180.0</bsim:upper>
        </bsim:uniformDistribution>
      </bsim:duration>
      <bsim:resources>
        <bsim:resource id="Role_16" amount="1"/>
      </bsim:resources>
    </bsim:task>
    <bsim:task id="node_b243e14f-27fb-4485-9f7f-bce50219bce9" name="Create Purchase Requisition">
      <bsim:duration timeUnit="SECONDS">
        <bsim:uniformDistribution>
          <bsim:lower>300.0</bsim:lower>
          <bsim:upper>3420.0</bsim:upper>
        </bsim:uniformDistribution>
      </bsim:duration>
      <bsim:resources>
        <bsim:resource id="Role_11" amount="1"/>
      </bsim:resources>
    </bsim:task>
    <bsim:task id="node_4a29054b-40c3-4dff-93bd-8b73836cb723" name="Settle Conditions With Supplier">
      <bsim:duration timeUnit="SECONDS">
        <bsim:uniformDistribution>
          <bsim:lower>14220.0</bsim:lower>
          <bsim:upper>52680.0</bsim:upper>
        </bsim:uniformDistribution>
      </bsim:duration>
      <bsim:resources>
        <bsim:resource id="Role_2" amount="1"/>
      </bsim:resources>
    </bsim:task>
    <bsim:task id="node_d3cb2ebb-4cf8-42ea-81d0-d96e28566e77" name="Send Invoice">
      <bsim:duration timeUnit="SECONDS">
        <bsim:constantDistribution>
          <bsim:constantValue>0</bsim:constantValue>
        </bsim:constantDistribution>
      </bsim:duration>
      <bsim:resources>
        <bsim:resource id="Role_21" amount="1"/>
      </bsim:resources>
    </bsim:task>
    <bsim:task id="node_dc4c1812-3254-4919-8a61-34978490c7b6" name="Analyze Purchase Requisition">
      <bsim:duration timeUnit="SECONDS">
        <bsim:exponentialDistribution>
          <bsim:mean>397.0</bsim:mean>
        </bsim:exponentialDistribution>
      </bsim:duration>
      <bsim:resources>
        <bsim:resource id="Role_16" amount="1"/>
      </bsim:resources>
    </bsim:task>
    <bsim:task id="node_ff818811-6966-477c-86cd-4f6a466ee72a" name="Analyze Quotation Comparison Map">
      <bsim:duration timeUnit="SECONDS">
        <bsim:uniformDistribution>
          <bsim:lower>360.0</bsim:lower>
          <bsim:upper>2040.0</bsim:upper>
        </bsim:uniformDistribution>
      </bsim:duration>
      <bsim:resources>
        <bsim:resource id="Role_6" amount="1"/>
      </bsim:resources>
    </bsim:task>
    <bsim:task id="node_47e61038-a0ea-416f-b9d1-87723d1b5787" name="Release Supplier's Invoice">
      <bsim:duration timeUnit="SECONDS">
        <bsim:uniformDistribution>
          <bsim:lower>120.0</bsim:lower>
          <bsim:upper>420.0</bsim:upper>
        </bsim:uniformDistribution>
      </bsim:duration>
      <bsim:resources>
        <bsim:resource id="Role_3" amount="1"/>
      </bsim:resources>
    </bsim:task>
    <bsim:task id="node_100a51e5-36a4-4256-aaee-2ca9ec687fd6" name="Release Purchase Order">
      <bsim:duration timeUnit="SECONDS">
        <bsim:constantDistribution>
          <bsim:constantValue>60</bsim:constantValue>
        </bsim:constantDistribution>
      </bsim:duration>
      <bsim:resources>
        <bsim:resource id="Role_5" amount="1"/>
      </bsim:resources>
    </bsim:task>
    <bsim:task id="node_7fb9fb3c-b1d6-4bc2-a549-55bc8523dc4c" name="Settle Dispute With Supplier">
      <bsim:duration timeUnit="SECONDS">
        <bsim:uniformDistribution>
          <bsim:lower>780.0</bsim:lower>
          <bsim:upper>2040.0</bsim:upper>
        </bsim:uniformDistribution>
      </bsim:duration>
      <bsim:resources>
        <bsim:resource id="Role_22" amount="1"/>
      </bsim:resources>
    </bsim:task>
    <bsim:task id="node_c6edca48-6c2a-499e-ad15-869988c182d4" name="Amend Purchase Requisition">
      <bsim:duration timeUnit="SECONDS">
        <bsim:uniformDistribution>
          <bsim:lower>1380.0</bsim:lower>
          <bsim:upper>1920.0</bsim:upper>
        </bsim:uniformDistribution>
      </bsim:duration>
      <bsim:resources>
        <bsim:resource id="Role_13" amount="1"/>
      </bsim:resources>
    </bsim:task>
    <bsim:task id="node_83648b9c-114a-4c8f-b6ba-c1e69dfd7352" name="Approve Purchase Order for payment">
      <bsim:duration timeUnit="SECONDS">
        <bsim:constantDistribution>
          <bsim:constantValue>60</bsim:constantValue>
        </bsim:constantDistribution>
      </bsim:duration>
      <bsim:resources>
        <bsim:resource id="Role_25" amount="1"/>
      </bsim:resources>
    </bsim:task>
    <bsim:task id="node_c55cf915-8259-4c03-9858-4b4531502715" name="Send Request for Quotation to Supplier">
      <bsim:duration timeUnit="SECONDS">
        <bsim:normalDistribution>
          <bsim:mean>1419.0</bsim:mean>
          <bsim:standardDeviation>657.5</bsim:standardDeviation>
        </bsim:normalDistribution>
      </bsim:duration>
      <bsim:resources>
        <bsim:resource id="Role_25" amount="1"/>
      </bsim:resources>
    </bsim:task>
    <bsim:exclusiveGateway id="node_58bf51cd-ae8c-4654-8c86-de3a0c557d04">
      <bsim:outgoingSequenceFlow id="node_3318b2f1-7ab1-4f08-95b6-63716b1752f9">
        <bsim:branchingProbability>0.97</bsim:branchingProbability>
      </bsim:outgoingSequenceFlow>
      <bsim:outgoingSequenceFlow id="node_693ecc12-8c99-4fe5-ada7-431d5eb5f21a">
        <bsim:branchingProbability>0.03</bsim:branchingProbability>
      </bsim:outgoingSequenceFlow>
    </bsim:exclusiveGateway>
    <bsim:exclusiveGateway id="node_0a6aa0f4-290e-4f7f-b1fd-79be985cf67d">
      <bsim:outgoingSequenceFlow id="node_8c7a375f-b12e-496a-ac1d-4962961461f8">
        <bsim:branchingProbability>0.59</bsim:branchingProbability>
      </bsim:outgoingSequenceFlow>
      <bsim:outgoingSequenceFlow id="node_c4705285-f4e7-4fec-9fda-3e96be699ac7">
        <bsim:branchingProbability>0.41</bsim:branchingProbability>
      </bsim:outgoingSequenceFlow>
    </bsim:exclusiveGateway>
    <bsim:exclusiveGateway id="node_1e1d26e9-7c3c-4686-8dff-3daab46f6939">
      <bsim:outgoingSequenceFlow id="node_19e74618-187e-42ab-be9a-99f98eadaff1">
        <bsim:branchingProbability>0.18</bsim:branchingProbability>
      </bsim:outgoingSequenceFlow>
      <bsim:outgoingSequenceFlow id="node_540b6fb8-0e45-498a-aaac-86970f65612b">
        <bsim:branchingProbability>0.82</bsim:branchingProbability>
      </bsim:outgoingSequenceFlow>
    </bsim:exclusiveGateway>
    <bsim:startEvent id="node_c2c361e7-dca7-4a2d-9736-6d9d80821406">
      <bsim:arrivalRate timeUnit="SECONDS">
        <bsim:exponentialDistribution>
          <bsim:mean>18939.8</bsim:mean>
        </bsim:exponentialDistribution>
      </bsim:arrivalRate>
    </bsim:startEvent>
  </bsim:simulationConfiguration>
</bsim:definitions>
