<?xml version='1.0' encoding='ASCII'?>
<bsim:globalConfiguration xmlns:bsim="http://bsim.hpi.uni-potsdam.de/scylla/simModel" id="GlobalConf_defee961-4410-4f83-9200-461508b9ac17" targetNamespace="http://www.hpi.de">
  <bsim:resourceAssignmentOrder>priority,simulationTime</bsim:resourceAssignmentOrder>
  <bsim:randomSeed>3006</bsim:randomSeed>
  <bsim:timetables>
    <bsim:timetable id="QBP_DEFAULT_TIMETABLE">
      <bsim:timetableItem from_="MONDAY" to="FRIDAY" beginTime="09:00:00.000+00:00" endTime="17:00:00.000+00:00"/>
    </bsim:timetable>
  </bsim:timetables>
  <bsim:resourceData>
    <bsim:dynamicResource id="Role_1" name="Role 1" defaultQuantity="1" defaultCost="2.0" defaultTimetableId="QBP_DEFAULT_TIMETABLE" defaultTimeUnit="SECONDS">
      <bsim:instance name="Clement Duchot" timetableId="QBP_DEFAULT_TIMETABLE" cost="2"/>
    </bsim:dynamicResource>
    <bsim:dynamicResource id="Role_2" name="Role 10" defaultQuantity="1" defaultCost="14.0" defaultTimetableId="QBP_DEFAULT_TIMETABLE" defaultTimeUnit="SECONDS">
      <bsim:instance name="Magdalena Predutta" timetableId="QBP_DEFAULT_TIMETABLE" cost="14"/>
    </bsim:dynamicResource>
    <bsim:dynamicResource id="Role_3" name="Role 11" defaultQuantity="1" defaultCost="11.0" defaultTimetableId="QBP_DEFAULT_TIMETABLE" defaultTimeUnit="SECONDS">
      <bsim:instance name="Karalda Nimwada" timetableId="QBP_DEFAULT_TIMETABLE" cost="11"/>
    </bsim:dynamicResource>
    <bsim:dynamicResource id="Role_4" name="Role 12" defaultQuantity="1" defaultCost="24.0" defaultTimetableId="QBP_DEFAULT_TIMETABLE" defaultTimeUnit="SECONDS">
      <bsim:instance name="Fjodor Kowalski" timetableId="QBP_DEFAULT_TIMETABLE" cost="24"/>
    </bsim:dynamicResource>
    <bsim:dynamicResource id="Role_5" name="Role 13" defaultQuantity="1" defaultCost="16.0" defaultTimetableId="QBP_DEFAULT_TIMETABLE" defaultTimeUnit="SECONDS">
      <bsim:instance name="Immanuel Karagianni" timetableId="QBP_DEFAULT_TIMETABLE" cost="16"/>
    </bsim:dynamicResource>
    <bsim:dynamicResource id="Role_6" name="Role 14" defaultQuantity="1" defaultCost="24.0" defaultTimetableId="QBP_DEFAULT_TIMETABLE" defaultTimeUnit="SECONDS">
      <bsim:instance name="Christian Francois" timetableId="QBP_DEFAULT_TIMETABLE" cost="24"/>
    </bsim:dynamicResource>
    <bsim:dynamicResource id="Role_7" name="Role 15" defaultQuantity="1" defaultCost="17.0" defaultTimetableId="QBP_DEFAULT_TIMETABLE" defaultTimeUnit="SECONDS">
      <bsim:instance name="Carmen Finacse" timetableId="QBP_DEFAULT_TIMETABLE" cost="17"/>
    </bsim:dynamicResource>
    <bsim:dynamicResource id="Role_8" name="Role 16" defaultQuantity="1" defaultCost="24.0" defaultTimetableId="QBP_DEFAULT_TIMETABLE" defaultTimeUnit="SECONDS">
      <bsim:instance name="Sean Manney" timetableId="QBP_DEFAULT_TIMETABLE" cost="24"/>
    </bsim:dynamicResource>
    <bsim:dynamicResource id="Role_9" name="Role 17" defaultQuantity="1" defaultCost="18.0" defaultTimetableId="QBP_DEFAULT_TIMETABLE" defaultTimeUnit="SECONDS">
      <bsim:instance name="Esmana Liubiata" timetableId="QBP_DEFAULT_TIMETABLE" cost="18"/>
    </bsim:dynamicResource>
    <bsim:dynamicResource id="Role_10" name="Role 18" defaultQuantity="1" defaultCost="18.0" defaultTimetableId="QBP_DEFAULT_TIMETABLE" defaultTimeUnit="SECONDS">
      <bsim:instance name="Nico Ojenbeer" timetableId="QBP_DEFAULT_TIMETABLE" cost="18"/>
    </bsim:dynamicResource>
    <bsim:dynamicResource id="Role_11" name="Role 19" defaultQuantity="1" defaultCost="28.0" defaultTimetableId="QBP_DEFAULT_TIMETABLE" defaultTimeUnit="SECONDS">
      <bsim:instance name="Tesca Lobes" timetableId="QBP_DEFAULT_TIMETABLE" cost="28"/>
    </bsim:dynamicResource>
    <bsim:dynamicResource id="Role_12" name="Role 2" defaultQuantity="1" defaultCost="7.0" defaultTimetableId="QBP_DEFAULT_TIMETABLE" defaultTimeUnit="SECONDS">
      <bsim:instance name="Miu Hanwan" timetableId="QBP_DEFAULT_TIMETABLE" cost="7"/>
    </bsim:dynamicResource>
    <bsim:dynamicResource id="Role_13" name="Role 20" defaultQuantity="1" defaultCost="21.0" defaultTimetableId="QBP_DEFAULT_TIMETABLE" defaultTimeUnit="SECONDS">
      <bsim:instance name="Kim Passa" timetableId="QBP_DEFAULT_TIMETABLE" cost="21"/>
    </bsim:dynamicResource>
    <bsim:dynamicResource id="Role_14" name="Role 21" defaultQuantity="1" defaultCost="18.0" defaultTimetableId="QBP_DEFAULT_TIMETABLE" defaultTimeUnit="SECONDS">
      <bsim:instance name="Heinz Gutschmidt" timetableId="QBP_DEFAULT_TIMETABLE" cost="18"/>
    </bsim:dynamicResource>
    <bsim:dynamicResource id="Role_15" name="Role 22" defaultQuantity="1" defaultCost="9.0" defaultTimetableId="QBP_DEFAULT_TIMETABLE" defaultTimeUnit="SECONDS">
      <bsim:instance name="Karen Clarens" timetableId="QBP_DEFAULT_TIMETABLE" cost="9"/>
    </bsim:dynamicResource>
    <bsim:dynamicResource id="Role_16" name="Role 23" defaultQuantity="1" defaultCost="16.0" defaultTimetableId="QBP_DEFAULT_TIMETABLE" defaultTimeUnit="SECONDS">
      <bsim:instance name="Francis Odell" timetableId="QBP_DEFAULT_TIMETABLE" cost="16"/>
    </bsim:dynamicResource>
    <bsim:dynamicResource id="Role_17" name="Role 24" defaultQuantity="1" defaultCost="26.0" defaultTimetableId="QBP_DEFAULT_TIMETABLE" defaultTimeUnit="SECONDS">
      <bsim:instance name="Anne Olwada" timetableId="QBP_DEFAULT_TIMETABLE" cost="26"/>
    </bsim:dynamicResource>
    <bsim:dynamicResource id="Role_18" name="Role 25" defaultQuantity="1" defaultCost="11.0" defaultTimetableId="QBP_DEFAULT_TIMETABLE" defaultTimeUnit="SECONDS">
      <bsim:instance name="Elvira Lores" timetableId="QBP_DEFAULT_TIMETABLE" cost="11"/>
    </bsim:dynamicResource>
    <bsim:dynamicResource id="Role_19" name="Role 26" defaultQuantity="1" defaultCost="7.0" defaultTimetableId="QBP_DEFAULT_TIMETABLE" defaultTimeUnit="SECONDS">
      <bsim:instance name="Maris Freeman" timetableId="QBP_DEFAULT_TIMETABLE" cost="7"/>
    </bsim:dynamicResource>
    <bsim:dynamicResource id="Role_20" name="Role 27" defaultQuantity="1" defaultCost="10.0" defaultTimetableId="QBP_DEFAULT_TIMETABLE" defaultTimeUnit="SECONDS">
      <bsim:instance name="Penn Osterwalder" timetableId="QBP_DEFAULT_TIMETABLE" cost="10"/>
    </bsim:dynamicResource>
    <bsim:dynamicResource id="Role_21" name="Role 3" defaultQuantity="1" defaultCost="4.0" defaultTimetableId="QBP_DEFAULT_TIMETABLE" defaultTimeUnit="SECONDS">
      <bsim:instance name="Kiu Kan" timetableId="QBP_DEFAULT_TIMETABLE" cost="4"/>
    </bsim:dynamicResource>
    <bsim:dynamicResource id="Role_22" name="Role 4" defaultQuantity="1" defaultCost="30.0" defaultTimetableId="QBP_DEFAULT_TIMETABLE" defaultTimeUnit="SECONDS">
      <bsim:instance name="Pedro Alvares" timetableId="QBP_DEFAULT_TIMETABLE" cost="30"/>
    </bsim:dynamicResource>
    <bsim:dynamicResource id="Role_23" name="Role 5" defaultQuantity="1" defaultCost="29.0" defaultTimetableId="QBP_DEFAULT_TIMETABLE" defaultTimeUnit="SECONDS">
      <bsim:instance name="Francois de Perrier" timetableId="QBP_DEFAULT_TIMETABLE" cost="29"/>
    </bsim:dynamicResource>
    <bsim:dynamicResource id="Role_24" name="Role 6" defaultQuantity="1" defaultCost="29.0" defaultTimetableId="QBP_DEFAULT_TIMETABLE" defaultTimeUnit="SECONDS">
      <bsim:instance name="Anna Kaufmann" timetableId="QBP_DEFAULT_TIMETABLE" cost="29"/>
    </bsim:dynamicResource>
    <bsim:dynamicResource id="Role_25" name="Role 7" defaultQuantity="1" defaultCost="24.0" defaultTimetableId="QBP_DEFAULT_TIMETABLE" defaultTimeUnit="SECONDS">
      <bsim:instance name="Karel de Groot" timetableId="QBP_DEFAULT_TIMETABLE" cost="24"/>
    </bsim:dynamicResource>
    <bsim:dynamicResource id="Role_26" name="Role 8" defaultQuantity="1" defaultCost="11.0" defaultTimetableId="QBP_DEFAULT_TIMETABLE" defaultTimeUnit="SECONDS">
      <bsim:instance name="Esmeralda Clay" timetableId="QBP_DEFAULT_TIMETABLE" cost="11"/>
    </bsim:dynamicResource>
    <bsim:dynamicResource id="Role_27" name="Role 9" defaultQuantity="1" defaultCost="22.0" defaultTimetableId="QBP_DEFAULT_TIMETABLE" defaultTimeUnit="SECONDS">
      <bsim:instance name="Alberto Duport" timetableId="QBP_DEFAULT_TIMETABLE" cost="22"/>
    </bsim:dynamicResource>
    <bsim:dynamicResource id="0" name="Role 0" defaultQuantity="1" defaultCost="0" defaultTimetableId="QBP_DEFAULT_TIMETABLE" defaultTimeUnit="SECONDS"/>
  </bsim:resourceData>
</bsim:globalConfiguration>
